Non targets;;;
hsa-let-7a-5p;3091;X;Functional MTI
hsa-let-7a-5p;3091;X;Functional MTI
hsa-let-7a-5p;3091;X;Functional MTI
hsa-let-7b-5p;7852;X;Functional MTI
hsa-let-7c-5p;7852;X;Functional MTI
hsa-let-7d-5p;1581;X;Functional MTI
hsa-let-7e-5p;6776;X;Functional MTI
hsa-let-7f-5p;6776;X;Functional MTI
hsa-let-7f-5p;10125;X;Functional MTI
hsa-miR-15a-5p;10125;X;Functional MTI
hsa-miR-16-5p;10125;X;Functional MTI
hsa-miR-17-5p;1786;X;Functional MTI
hsa-miR-18a-5p;1786;X;Functional MTI
hsa-miR-19a-5p;1786;X;Functional MTI
hsa-miR-19b-1-5p;1786;X;Functional MTI
hsa-miR-19b-2-5p;1786;X;Functional MTI
hsa-miR-20a-5p;94241;X;Functional MTI
hsa-miR-21-5p;94241;X;Functional MTI
hsa-miR-22-5p;4322;X;Functional MTI
hsa-miR-23a-5p;5978;X;Functional MTI
hsa-miR-24-1-5p;5978;X;Functional MTI
hsa-miR-24-2-5p;999;X;Functional MTI
hsa-miR-25-5p;999;X;Functional MTI
hsa-miR-26a-5p;4916;X;Functional MTI
hsa-miR-26b-5p;6622;X;Functional MTI
hsa-miR-27a-5p;6622;X;Functional MTI
hsa-miR-28-5p;9112;X;Functional MTI
hsa-miR-29a-5p;2896;X;Functional MTI
hsa-miR-30a-5p;2138;X;Functional MTI
hsa-miR-31-5p;2064;X;Functional MTI
hsa-miR-32-5p;2064;X;Functional MTI
hsa-miR-33a-5p;864;X;Functional MTI
hsa-miR-92a-1-5p;1812;X;Functional MTI
hsa-miR-92a-2-5p;4916;X;Functional MTI
hsa-miR-93-5p;4282;X;Functional MTI
hsa-miR-95-5p;4282;X;Functional MTI
hsa-miR-96-5p;9839;X;Functional MTI
hsa-miR-98-5p;9839;X;Functional MTI
hsa-miR-99a-5p;9839;X;Functional MTI
hsa-miR-100-5p;9839;X;Functional MTI
hsa-miR-101-5p;1678;X;Functional MTI
hsa-miR-29b-1-5p;1678;X;Functional MTI
hsa-miR-29b-2-5p;136319;X;Functional MTI
hsa-miR-103a-2-5p;5163;X;Functional MTI
hsa-miR-103a-3p;5163;X;Functional MTI
hsa-miR-105-5p;5163;X;Functional MTI
hsa-miR-105-5p;5163;X;Functional MTI
hsa-miR-106a-5p;5887;X;Functional MTI
hsa-miR-107;7465;X;Functional MTI
hsa-miR-16-5p;7465;X;Functional MTI
hsa-miR-192-5p;7227;X;Functional MTI
hsa-miR-196a-5p;10150;X;Functional MTI
hsa-miR-197-5p;51621;X;Functional MTI
hsa-miR-198;596;X;Functional MTI
hsa-miR-199a-5p;1385;X;Functional MTI
hsa-miR-208a-5p;1385;X;Functional MTI
hsa-miR-129-5p;330;X;Functional MTI
hsa-miR-148a-5p;2917;X;Functional MTI
hsa-miR-30c-5p;2917;X;Functional MTI
hsa-miR-30d-5p;182;X;Functional MTI
hsa-miR-139-5p;182;X;Functional MTI
hsa-miR-147a;182;X;Functional MTI
hsa-miR-7-5p;30008;X;Functional MTI
hsa-miR-7-5p;30008;X;Functional MTI
hsa-miR-7-5p;23621;X;Functional MTI
hsa-miR-10a-5p;9429;X;Functional MTI
hsa-miR-10b-5p;9429;X;Functional MTI
hsa-miR-34a-5p;9429;X;Functional MTI
hsa-miR-181a-5p;2735;X;Functional MTI
hsa-miR-181b-5p;387;X;Functional MTI
hsa-miR-181c-5p;387;X;Functional MTI
hsa-miR-182-5p;387;X;Functional MTI
hsa-miR-183-5p;7227;X;Functional MTI
hsa-miR-187-5p;10150;X;Functional MTI
hsa-miR-196a-5p;51621;X;Functional MTI
hsa-miR-199a-5p;7043;X;Functional MTI
hsa-miR-199b-5p;9759;X;Functional MTI
hsa-miR-203a-5p;56998;X;Functional MTI
hsa-miR-204-5p;56998;X;Functional MTI
hsa-miR-205-5p;50509;X;Functional MTI
hsa-miR-210-5p;1284;X;Functional MTI
hsa-miR-211-5p;1277;X;Functional MTI
hsa-miR-212-5p;1277;X;Functional MTI
hsa-miR-181a-5p;1277;X;Functional MTI
hsa-miR-214-5p;1277;X;Functional MTI
hsa-miR-215-5p;1277;X;Functional MTI
hsa-miR-216a-5p;1277;X;Functional MTI
hsa-miR-217;23621;X;Functional MTI
hsa-miR-218-5p;861;X;Functional MTI
hsa-miR-218-5p;8091;X;Functional MTI
hsa-miR-219a-5p;8091;X;Functional MTI
hsa-miR-221-5p;8091;X;Functional MTI
hsa-miR-222-5p;8091;X;Functional MTI
hsa-miR-223-5p;3159;X;Functional MTI
hsa-miR-224-5p;3159;X;Functional MTI
hsa-miR-200b-5p;3159;X;Functional MTI
hsa-let-7g-5p;3159;X;Functional MTI
hsa-let-7i-5p;9134;X;Functional MTI
hsa-miR-1-3p;894;X;Functional MTI
hsa-miR-15b-5p;894;X;Functional MTI
hsa-miR-23b-5p;894;X;Functional MTI
hsa-miR-27b-5p;894;X;Functional MTI
hsa-miR-30b-5p;894;X;Functional MTI
hsa-miR-122-5p;2237;X;Functional MTI
hsa-miR-124-5p;1019;X;Functional MTI
hsa-miR-124-5p;890;X;Functional MTI
hsa-miR-124-5p;9212;X;Functional MTI
hsa-miR-125b-5p;4609;X;Functional MTI
hsa-miR-128-1-5p;1870;X;Functional MTI
hsa-miR-130a-5p;4208;X;Functional MTI
hsa-miR-132-5p;4208;X;Functional MTI
hsa-miR-133a-5p;3925;X;Functional MTI
hsa-miR-133a-5p;3925;X;Functional MTI
hsa-miR-135a-5p;3925;X;Functional MTI
hsa-miR-135a-5p;4005;X;Functional MTI
hsa-miR-137;4005;X;Functional MTI
hsa-miR-138-5p;1027;X;Functional MTI
hsa-miR-140-5p;1027;X;Functional MTI
hsa-miR-141-5p;1027;X;Functional MTI
hsa-miR-142-5p;1027;X;Functional MTI
hsa-miR-143-5p;1027;X;Functional MTI
hsa-miR-144-5p;1027;X;Functional MTI
hsa-miR-145-5p;1027;X;Functional MTI
hsa-miR-152-5p;1027;X;Functional MTI
hsa-miR-153-3p;1027;X;Functional MTI
hsa-miR-153-5p;1027;X;Functional MTI
hsa-miR-191-5p;1027;X;Functional MTI
hsa-miR-9-5p;1027;X;Functional MTI
hsa-miR-9-5p;1027;X;Functional MTI
hsa-miR-9-5p;1027;X;Functional MTI
hsa-miR-125a-5p;1027;X;Functional MTI
hsa-miR-125b-5p;1027;X;Functional MTI
hsa-miR-126-5p;1027;X;Functional MTI
hsa-miR-127-5p;1027;X;Functional MTI
hsa-miR-129-5p;1027;X;Functional MTI
hsa-miR-134-5p;1027;X;Functional MTI
hsa-miR-136-5p;1027;X;Functional MTI
hsa-miR-138-5p;1027;X;Functional MTI
hsa-miR-146a-5p;1027;X;Functional MTI
hsa-miR-149-5p;10018;X;Functional MTI
hsa-miR-150-5p;10018;X;Functional MTI
hsa-miR-154-5p;6648;X;Functional MTI
hsa-miR-184;4312;X;Functional MTI
hsa-miR-185-5p;1027;X;Functional MTI
hsa-miR-186-5p;1027;X;Functional MTI
hsa-miR-188-5p;1027;X;Functional MTI
hsa-miR-190a-5p;1027;X;Functional MTI
hsa-miR-193a-5p;1027;X;Functional MTI
hsa-miR-194-5p;1027;X;Functional MTI
hsa-miR-195-5p;1027;X;Functional MTI
hsa-miR-206;1027;X;Functional MTI
hsa-miR-320a;1027;X;Functional MTI
hsa-miR-200c-5p;1027;X;Functional MTI
hsa-miR-1-5p;1027;X;Functional MTI
hsa-miR-155-5p;1027;X;Functional MTI
hsa-miR-181b-5p;1027;X;Functional MTI
hsa-miR-128-2-5p;1027;X;Functional MTI
hsa-miR-194-5p;1027;X;Functional MTI
hsa-miR-106b-5p;1027;X;Functional MTI
hsa-miR-29c-5p;1027;X;Functional MTI
hsa-miR-30c-5p;1027;X;Functional MTI
hsa-miR-200a-5p;1027;X;Functional MTI
hsa-miR-302a-5p;1027;X;Functional MTI
hsa-miR-101-3p;1027;X;Functional MTI
hsa-miR-219a-5p;1027;X;Functional MTI
hsa-miR-34b-5p;1027;X;Functional MTI
hsa-miR-34c-5p;1027;X;Functional MTI
hsa-miR-299-5p;1027;X;Functional MTI
hsa-miR-301a-5p;1027;X;Functional MTI
hsa-miR-99b-5p;1027;X;Functional MTI
hsa-miR-296-5p;1027;X;Functional MTI
hsa-miR-130b-5p;10018;X;Functional MTI
hsa-miR-30e-5p;10018;X;Functional MTI
hsa-miR-26a-5p;10018;X;Functional MTI
hsa-miR-361-5p;90427;X;Functional MTI
hsa-miR-362-5p;23411;X;Functional MTI
hsa-miR-363-5p;23411;X;Functional MTI
hsa-miR-365a-5p;2146;X;Functional MTI
hsa-miR-365b-5p;2146;X;Functional MTI
hsa-miR-302b-5p;2146;X;Functional MTI
hsa-miR-302c-5p;2146;X;Functional MTI
hsa-miR-302d-5p;2146;X;Functional MTI
hsa-miR-367-5p;3205;X;Functional MTI
hsa-miR-376c-5p;9537;X;Functional MTI
hsa-miR-369-5p;5292;X;Functional MTI
hsa-miR-370-5p;3198;X;Functional MTI
hsa-miR-371a-5p;53834;X;Functional MTI
hsa-miR-372-5p;53834;X;Functional MTI
hsa-miR-373-5p;53834;X;Functional MTI
hsa-miR-374a-5p;5893;X;Functional MTI
hsa-miR-375;5893;X;Functional MTI
hsa-miR-376a-5p;993;X;Functional MTI
hsa-miR-377-5p;993;X;Functional MTI
hsa-miR-378a-5p;993;X;Functional MTI
hsa-miR-379-5p;993;X;Functional MTI
hsa-miR-380-5p;596;X;Functional MTI
hsa-miR-381-5p;596;X;Functional MTI
hsa-miR-382-5p;596;X;Functional MTI
hsa-miR-383-5p;596;X;Functional MTI
hsa-miR-340-5p;596;X;Functional MTI
hsa-miR-330-5p;596;X;Functional MTI
hsa-miR-328-5p;596;X;Functional MTI
hsa-miR-342-5p;84305;X;Functional MTI
hsa-miR-337-5p;7466;X;Functional MTI
hsa-miR-323a-5p;56889;X;Functional MTI
hsa-miR-326;57142;X;Functional MTI
hsa-miR-151a-5p;57142;X;Functional MTI
hsa-miR-135b-5p;6201;X;Functional MTI
hsa-miR-148b-5p;6201;X;Functional MTI
hsa-miR-331-5p;6201;X;Functional MTI
hsa-miR-324-5p;6201;X;Functional MTI
hsa-miR-338-5p;6201;X;Functional MTI
hsa-miR-339-5p;6201;X;Functional MTI
hsa-miR-335-5p;6201;X;Functional MTI
hsa-miR-133b;6201;X;Functional MTI
hsa-miR-325;6201;X;Functional MTI
hsa-miR-345-5p;6201;X;Functional MTI
hsa-miR-346;6201;X;Functional MTI
hsa-miR-384;6201;X;Functional MTI
hsa-miR-196b-5p;6201;X;Functional MTI
hsa-miR-422a;6201;X;Functional MTI
hsa-miR-423-5p;6201;X;Functional MTI
hsa-miR-424-5p;6201;X;Functional MTI
hsa-miR-425-5p;6201;X;Functional MTI
hsa-miR-18b-5p;8985;X;Functional MTI
hsa-miR-20b-5p;5161;X;Functional MTI
hsa-miR-448;64151;X;Functional MTI
hsa-miR-429;79139;X;Functional MTI
hsa-miR-449a;79139;X;Functional MTI
hsa-miR-450a-5p;10409;X;Functional MTI
hsa-miR-431-5p;182;X;Functional MTI
hsa-miR-433-5p;182;X;Functional MTI
hsa-miR-329-5p;182;X;Functional MTI
hsa-miR-329-5p;5978;X;Functional MTI
hsa-miR-451a;9338;X;Functional MTI
hsa-miR-452-5p;595;X;Functional MTI
hsa-miR-409-5p;595;X;Functional MTI
hsa-miR-412-5p;595;X;Functional MTI
hsa-miR-410-5p;595;X;Functional MTI
hsa-miR-376b-5p;595;X;Functional MTI
hsa-miR-483-5p;595;X;Functional MTI
hsa-miR-484;595;X;Functional MTI
hsa-miR-485-5p;595;X;Functional MTI
hsa-miR-486-5p;595;X;Functional MTI
hsa-miR-487a-5p;1869;X;Functional MTI
hsa-miR-488-5p;1869;X;Functional MTI
hsa-miR-489-5p;1869;X;Functional MTI
hsa-miR-490-5p;1869;X;Functional MTI
hsa-miR-491-5p;1869;X;Functional MTI
hsa-miR-511-5p;1869;X;Functional MTI
hsa-miR-146b-5p;1869;X;Functional MTI
hsa-miR-202-5p;659;X;Functional MTI
hsa-miR-492;659;X;Functional MTI
hsa-miR-493-5p;4233;X;Functional MTI
hsa-miR-432-5p;4233;X;Functional MTI
hsa-miR-494-5p;4233;X;Functional MTI
hsa-miR-495-5p;4211;X;Functional MTI
hsa-miR-496;3206;X;Functional MTI
hsa-miR-193b-5p;596;X;Functional MTI
hsa-miR-497-5p;596;X;Functional MTI
hsa-miR-181d-5p;596;X;Functional MTI
hsa-miR-512-5p;596;X;Functional MTI
hsa-miR-512-5p;10381;X;Functional MTI
hsa-miR-498;10381;X;Functional MTI
hsa-miR-520e;10381;X;Functional MTI
hsa-miR-515-5p;10381;X;Functional MTI
hsa-miR-519e-5p;648;X;Functional MTI
hsa-miR-520f-5p;648;X;Functional MTI
hsa-miR-515-5p;648;X;Functional MTI
hsa-miR-519c-5p;648;X;Functional MTI
hsa-miR-520a-5p;5782;X;Functional MTI
hsa-miR-526b-5p;1749;X;Functional MTI
hsa-miR-519b-5p;3280;X;Functional MTI
hsa-miR-525-5p;3280;X;Functional MTI
hsa-miR-523-5p;10099;X;Functional MTI
hsa-miR-518f-5p;10099;X;Functional MTI
hsa-miR-520b;90;X;Functional MTI
hsa-miR-518b;6702;X;Functional MTI
hsa-miR-526a;6280;X;Functional MTI
hsa-miR-520c-5p;3852;X;Functional MTI
hsa-miR-518c-5p;7465;X;Functional MTI
hsa-miR-524-5p;7465;X;Functional MTI
hsa-miR-517-5p;7465;X;Functional MTI
hsa-miR-519d-5p;7465;X;Functional MTI
hsa-miR-521;1871;X;Functional MTI
hsa-miR-520d-5p;1871;X;Functional MTI
hsa-miR-517-5p;1871;X;Functional MTI
hsa-miR-520g-5p;1021;X;Functional MTI
hsa-miR-516b-5p;1021;X;Functional MTI
hsa-miR-526a;1021;X;Functional MTI
hsa-miR-518e-5p;595;X;Functional MTI
hsa-miR-518a-5p;595;X;Functional MTI
hsa-miR-518d-5p;595;X;Functional MTI
hsa-miR-516b-5p;595;X;Functional MTI
hsa-miR-518a-5p;595;X;Functional MTI
hsa-miR-517-5p;3845;X;Functional MTI
hsa-miR-520h;51701;X;Functional MTI
hsa-miR-521;2627;X;Functional MTI
hsa-miR-522-5p;1045;X;Functional MTI
hsa-miR-519a-5p;51701;X;Functional MTI
hsa-miR-527;2627;X;Functional MTI
hsa-miR-516a-5p;1045;X;Functional MTI
hsa-miR-516a-5p;51701;X;Functional MTI
hsa-miR-519a-3p;2627;X;Functional MTI
hsa-miR-499a-5p;2627;X;Functional MTI
hsa-miR-500a-5p;1045;X;Functional MTI
hsa-miR-501-5p;57169;X;Functional MTI
hsa-miR-502-5p;57169;X;Functional MTI
hsa-miR-450a-5p;57169;X;Functional MTI
hsa-miR-503-5p;57169;X;Functional MTI
hsa-miR-504-5p;57169;X;Functional MTI
hsa-miR-505-5p;6346;X;Functional MTI
hsa-miR-513a-5p;6346;X;Functional MTI
hsa-miR-513a-5p;7107;X;Functional MTI
hsa-miR-506-5p;7107;X;Functional MTI
hsa-miR-507;7107;X;Functional MTI
hsa-miR-508-5p;64859;X;Functional MTI
hsa-miR-509-5p;64859;X;Functional MTI
hsa-miR-510-5p;64859;X;Functional MTI
hsa-miR-514a-5p;64859;X;Functional MTI
hsa-miR-514a-5p;64859;X;Functional MTI
hsa-miR-514a-5p;4863;X;Functional MTI
hsa-miR-532-5p;4863;X;Functional MTI
hsa-miR-455-5p;4863;X;Functional MTI
hsa-miR-539-5p;7525;X;Functional MTI
hsa-miR-544a;648;X;Functional MTI
hsa-miR-545-5p;648;X;Functional MTI
hsa-miR-376a-2-5p;983;X;Functional MTI
hsa-miR-487b-5p;983;X;Functional MTI
hsa-miR-551a;983;X;Functional MTI
hsa-miR-552-5p;3159;X;Functional MTI
hsa-miR-553;3159;X;Functional MTI
hsa-miR-554;3159;X;Functional MTI
hsa-miR-92b-5p;898;X;Functional MTI
hsa-miR-555;898;X;Functional MTI
hsa-miR-556-5p;898;X;Functional MTI
hsa-miR-557;898;X;Functional MTI
hsa-miR-558;898;X;Functional MTI
hsa-miR-559;898;X;Functional MTI
hsa-miR-561-5p;648;X;Functional MTI
hsa-miR-562;89780;X;Functional MTI
hsa-miR-563;89780;X;Functional MTI
hsa-miR-564;4602;X;Functional MTI
hsa-miR-566;4602;X;Functional MTI
hsa-miR-567;993;X;Functional MTI
hsa-miR-568;993;X;Functional MTI
hsa-miR-551b-5p;993;X;Functional MTI
hsa-miR-569;894;X;Functional MTI
hsa-miR-570-5p;894;X;Functional MTI
hsa-miR-571;894;X;Functional MTI
hsa-miR-572;894;X;Functional MTI
hsa-miR-573;4211;X;Functional MTI
hsa-miR-574-5p;4211;X;Functional MTI
hsa-miR-575;23118;X;Functional MTI
hsa-miR-576-5p;23118;X;Functional MTI
hsa-miR-577;23118;X;Functional MTI
hsa-miR-578;23118;X;Functional MTI
hsa-miR-579-5p;23118;X;Functional MTI
hsa-miR-580-5p;23118;X;Functional MTI
hsa-miR-581;596;X;Functional MTI
hsa-miR-582-5p;3135;X;Functional MTI
hsa-miR-583;3135;X;Functional MTI
hsa-miR-584-5p;3135;X;Functional MTI
hsa-miR-585-5p;60436;X;Functional MTI
hsa-miR-548a-3p;3075;X;Functional MTI
hsa-miR-586;3075;X;Functional MTI
hsa-miR-587;3656;X;Functional MTI
hsa-miR-548b-5p;664;X;Functional MTI
hsa-miR-588;664;X;Functional MTI
hsa-miR-548a-3p;688;X;Functional MTI
hsa-miR-589-5p;688;X;Functional MTI
hsa-miR-550a-5p;6657;X;Functional MTI
hsa-miR-550a-5p;6657;X;Functional MTI
hsa-miR-590-5p;6657;X;Functional MTI
hsa-miR-591;9314;X;Functional MTI
hsa-miR-592;9314;X;Functional MTI
hsa-miR-593-5p;9314;X;Functional MTI
hsa-miR-595;3845;X;Functional MTI
hsa-miR-596;3845;X;Functional MTI
hsa-miR-597-5p;3845;X;Functional MTI
hsa-miR-598-5p;3845;X;Functional MTI
hsa-miR-599;9839;X;Functional MTI
hsa-miR-548a-5p;9839;X;Functional MTI
hsa-miR-600;9839;X;Functional MTI
hsa-miR-601;9839;X;Functional MTI
hsa-miR-602;9839;X;Functional MTI
hsa-miR-603;9839;X;Functional MTI
hsa-miR-604;9839;X;Functional MTI
hsa-miR-605-5p;9839;X;Functional MTI
hsa-miR-606;6935;X;Functional MTI
hsa-miR-607;6935;X;Functional MTI
hsa-miR-608;6935;X;Functional MTI
hsa-miR-609;6935;X;Functional MTI
hsa-miR-610;6935;X;Functional MTI
hsa-miR-611;1749;X;Functional MTI
hsa-miR-612;998;X;Functional MTI
hsa-miR-613;10021;X;Functional MTI
hsa-miR-614;7351;X;Functional MTI
hsa-miR-615-5p;3855;X;Functional MTI
hsa-miR-616-5p;23411;X;Functional MTI
hsa-miR-548c-5p;94241;X;Functional MTI
hsa-miR-617;4916;X;Functional MTI
hsa-miR-618;4916;X;Functional MTI
hsa-miR-619-5p;161742;X;Functional MTI
hsa-miR-620;161742;X;Functional MTI
hsa-miR-621;161742;X;Functional MTI
hsa-miR-622;161742;X;Functional MTI
hsa-miR-623;161742;X;Functional MTI
hsa-miR-624-5p;10769;X;Functional MTI
hsa-miR-625-5p;10769;X;Functional MTI
hsa-miR-626;658;X;Functional MTI
hsa-miR-627-5p;1978;X;Functional MTI
hsa-miR-628-5p;1978;X;Functional MTI
hsa-miR-629-5p;8091;X;Functional MTI
hsa-miR-630;3159;X;Functional MTI
hsa-miR-631;2735;X;Functional MTI
hsa-miR-33b-5p;6662;X;Functional MTI
hsa-miR-632;6662;X;Functional MTI
hsa-miR-633;627;X;Functional MTI
hsa-miR-634;3480;X;Functional MTI
hsa-miR-635;3480;X;Functional MTI
hsa-miR-636;3480;X;Functional MTI
hsa-miR-637;6722;X;Functional MTI
hsa-miR-638;5324;X;Functional MTI
hsa-miR-639;83737;X;Functional MTI
hsa-miR-640;83737;X;Functional MTI
hsa-miR-641;83737;X;Functional MTI
hsa-miR-642a-5p;83737;X;Functional MTI
hsa-miR-643;351;X;Functional MTI
hsa-miR-644a;1869;X;Functional MTI
hsa-miR-645;1869;X;Functional MTI
hsa-miR-646;1869;X;Functional MTI
hsa-miR-647;4613;X;Functional MTI
hsa-miR-648;4613;X;Functional MTI
hsa-miR-649;4613;X;Functional MTI
hsa-miR-650;4613;X;Functional MTI
hsa-miR-651-5p;6310;X;Functional MTI
hsa-miR-652-5p;6310;X;Functional MTI
hsa-miR-548d-5p;2146;X;Functional MTI
hsa-miR-661;2146;X;Functional MTI
hsa-miR-662;2146;X;Functional MTI
hsa-miR-548d-5p;2146;X;Functional MTI
hsa-miR-663a;2146;X;Functional MTI
hsa-miR-449b-5p;2146;X;Functional MTI
hsa-miR-653-5p;2146;X;Functional MTI
hsa-miR-411-5p;2146;X;Functional MTI
hsa-miR-654-5p;2146;X;Functional MTI
hsa-miR-655-5p;2146;X;Functional MTI
hsa-miR-656-5p;2146;X;Functional MTI
hsa-miR-549a;2146;X;Functional MTI
hsa-miR-657;2146;X;Functional MTI
hsa-miR-658;2146;X;Functional MTI
hsa-miR-659-5p;5347;X;Functional MTI
hsa-miR-660-5p;5347;X;Functional MTI
hsa-miR-421;5347;X;Functional MTI
hsa-miR-542-5p;5347;X;Functional MTI
hsa-miR-758-5p;5347;X;Functional MTI
hsa-miR-1264;5347;X;Functional MTI
hsa-miR-671-5p;50804;X;Functional MTI
hsa-miR-668-5p;1025;X;Functional MTI
hsa-miR-550a-3-5p;1050;X;Functional MTI
hsa-miR-767-5p;4205;X;Functional MTI
hsa-miR-1224-5p;4205;X;Functional MTI
hsa-miR-151b;2626;X;Functional MTI
hsa-miR-320b;3845;X;Functional MTI
hsa-miR-320c;1021;X;Functional MTI
hsa-miR-1296-5p;1021;X;Functional MTI
hsa-miR-1468-5p;4609;X;Functional MTI
hsa-miR-1323;4609;X;Functional MTI
hsa-miR-1271-5p;4609;X;Functional MTI
hsa-miR-1301-5p;4609;X;Functional MTI
hsa-miR-454-5p;596;X;Functional MTI
hsa-miR-1185-5p;208;X;Functional MTI
hsa-miR-449c-5p;208;X;Functional MTI
hsa-miR-1283;4582;X;Functional MTI
hsa-miR-769-5p;4582;X;Functional MTI
hsa-miR-766-5p;4582;X;Functional MTI
hsa-miR-320b;351;X;Functional MTI
hsa-miR-378d;351;X;Functional MTI
hsa-miR-1185-5p;351;X;Functional MTI
hsa-miR-762;2309;X;Functional MTI
hsa-miR-802;2309;X;Functional MTI
hsa-miR-670-5p;4204;X;Functional MTI
hsa-miR-1298-5p;4204;X;Functional MTI
hsa-miR-2113;4204;X;Functional MTI
hsa-miR-761;4204;X;Functional MTI
hsa-miR-764;6667;X;Functional MTI
hsa-miR-759;6667;X;Functional MTI
hsa-miR-765;6667;X;Functional MTI
hsa-miR-770-5p;6667;X;Functional MTI
hsa-miR-675-5p;6667;X;Functional MTI
hsa-miR-298;51147;X;Functional MTI
hsa-miR-891a-5p;51147;X;Functional MTI
hsa-miR-300;7097;X;Functional MTI
hsa-miR-892a;5655;X;Functional MTI
hsa-miR-509-5p;5655;X;Functional MTI
hsa-miR-450b-5p;5655;X;Functional MTI
hsa-miR-874-5p;8651;X;Functional MTI
hsa-miR-890;8651;X;Functional MTI
hsa-miR-891b;8651;X;Functional MTI
hsa-miR-888-5p;8651;X;Functional MTI
hsa-miR-892b;8651;X;Functional MTI
hsa-miR-541-5p;8651;X;Functional MTI
hsa-miR-889-5p;8651;X;Functional MTI
hsa-miR-875-5p;8651;X;Functional MTI
hsa-miR-876-5p;4646;X;Functional MTI
hsa-miR-708-5p;4646;X;Functional MTI
hsa-miR-147b;4646;X;Functional MTI
hsa-miR-190b;2956;X;Functional MTI
hsa-miR-744-5p;4436;X;Functional MTI
hsa-miR-885-5p;4292;X;Functional MTI
hsa-miR-877-5p;4292;X;Functional MTI
hsa-miR-887-5p;28511;X;Functional MTI
hsa-miR-665;28511;X;Functional MTI
hsa-miR-873-5p;1582;X;Functional MTI
hsa-miR-543;1581;X;Functional MTI
hsa-miR-374b-5p;1278;X;Functional MTI
hsa-miR-760;4171;X;Functional MTI
hsa-miR-301b-5p;4609;X;Functional MTI
hsa-miR-216b-5p;4609;X;Functional MTI
hsa-miR-208b-5p;4609;X;Functional MTI
hsa-miR-920;1947;X;Functional MTI
hsa-miR-921;595;X;Functional MTI
hsa-miR-922;595;X;Functional MTI
hsa-miR-924;595;X;Functional MTI
hsa-miR-509-3-5p;6091;X;Functional MTI
hsa-miR-933;3716;X;Functional MTI
hsa-miR-934;3716;X;Functional MTI
hsa-miR-935;5520;X;Functional MTI
hsa-miR-936;26524;X;Functional MTI
hsa-miR-937-5p;50650;X;Functional MTI
hsa-miR-938;9475;X;Functional MTI
hsa-miR-939-5p;389;X;Functional MTI
hsa-miR-940;389;X;Functional MTI
hsa-miR-941;389;X;Functional MTI
hsa-miR-941;389;X;Functional MTI
hsa-miR-941;3091;X;Functional MTI
hsa-miR-941;6774;X;Functional MTI
hsa-miR-942-5p;6774;X;Functional MTI
hsa-miR-943;3091;X;Functional MTI
hsa-miR-944;3091;X;Functional MTI
hsa-miR-297;5728;X;Functional MTI
hsa-miR-1178-5p;5728;X;Functional MTI
hsa-miR-1179;5728;X;Functional MTI
hsa-miR-1180-5p;5728;X;Functional MTI
hsa-miR-1181;5728;X;Functional MTI
hsa-miR-1182;5728;X;Functional MTI
hsa-miR-1183;5728;X;Functional MTI
hsa-miR-1184;5728;X;Functional MTI
hsa-miR-1225-5p;5728;X;Functional MTI
hsa-miR-1226-5p;5728;X;Functional MTI
hsa-miR-1227-5p;5728;X;Functional MTI
hsa-miR-1228-5p;5728;X;Functional MTI
hsa-miR-1229-5p;51719;X;Functional MTI
hsa-miR-1231;51719;X;Functional MTI
hsa-miR-1233-5p;51719;X;Functional MTI
hsa-miR-1234-3p;6608;X;Functional MTI
hsa-miR-1236-5p;6608;X;Functional MTI
hsa-miR-1237-5p;6608;X;Functional MTI
hsa-miR-1238-5p;6608;X;Functional MTI
hsa-miR-1200;6608;X;Functional MTI
hsa-miR-1202;6608;X;Functional MTI
hsa-miR-1203;6608;X;Functional MTI
hsa-miR-663b;2735;X;Functional MTI
hsa-miR-1204;2735;X;Functional MTI
hsa-miR-1205;5728;X;Functional MTI
hsa-miR-1206;5728;X;Functional MTI
hsa-miR-1207-5p;5728;X;Functional MTI
hsa-miR-1208;5728;X;Functional MTI
hsa-miR-548e-5p;7157;X;Functional MTI
hsa-miR-548j-5p;7157;X;Functional MTI
hsa-miR-1285-5p;7157;X;Functional MTI
hsa-miR-1285-3p;7157;X;Functional MTI
hsa-miR-1286;7157;X;Functional MTI
hsa-miR-1287-5p;92;X;Functional MTI
hsa-miR-1289;92;X;Functional MTI
hsa-miR-1289;1026;X;Functional MTI
hsa-miR-1290;1026;X;Functional MTI
hsa-miR-1291;1026;X;Functional MTI
hsa-miR-548k;1026;X;Functional MTI
hsa-miR-1293;1026;X;Functional MTI
hsa-miR-1294;1026;X;Functional MTI
hsa-miR-1295a;1026;X;Functional MTI
hsa-miR-1297;1026;X;Functional MTI
hsa-miR-1299;1026;X;Functional MTI
hsa-miR-548l;1026;X;Functional MTI
hsa-miR-1302;1026;X;Functional MTI
hsa-miR-1302;1026;X;Functional MTI
hsa-miR-1302;1026;X;Functional MTI
hsa-miR-1302;1026;X;Functional MTI
hsa-miR-1302;1026;X;Functional MTI
hsa-miR-1302;1026;X;Functional MTI
hsa-miR-1302;1026;X;Functional MTI
hsa-miR-1302;1026;X;Functional MTI
hsa-miR-1303;1026;X;Functional MTI
hsa-miR-1304-5p;1026;X;Functional MTI
hsa-miR-1305;1026;X;Functional MTI
hsa-miR-1243;1026;X;Functional MTI
hsa-miR-548f-5p;1026;X;Functional MTI
hsa-miR-548f-3p;1026;X;Functional MTI
hsa-miR-548f-3p;1026;X;Functional MTI
hsa-miR-548f-3p;1026;X;Functional MTI
hsa-miR-548f-3p;1026;X;Functional MTI
hsa-miR-1244;1026;X;Functional MTI
hsa-miR-1245a;1026;X;Functional MTI
hsa-miR-1246;1026;X;Functional MTI
hsa-miR-1247-5p;1026;X;Functional MTI
hsa-miR-1248;1026;X;Functional MTI
hsa-miR-1249-5p;1026;X;Functional MTI
hsa-miR-1250-5p;1026;X;Functional MTI
hsa-miR-1251-5p;1026;X;Functional MTI
hsa-miR-1253;1026;X;Functional MTI
hsa-miR-1254;1026;X;Functional MTI
hsa-miR-1255a;1026;X;Functional MTI
hsa-miR-1256;1026;X;Functional MTI
hsa-miR-1257;1026;X;Functional MTI
hsa-miR-1258;1026;X;Functional MTI
hsa-miR-1260a;1026;X;Functional MTI
hsa-miR-548g-5p;1026;X;Functional MTI
hsa-miR-1261;1026;X;Functional MTI
hsa-miR-1262;1026;X;Functional MTI
hsa-miR-1263;1026;X;Functional MTI
hsa-miR-548n;1026;X;Functional MTI
hsa-miR-548m;1026;X;Functional MTI
hsa-miR-1265;1026;X;Functional MTI
hsa-miR-548o-3p;1026;X;Functional MTI
hsa-miR-1266-5p;1026;X;Functional MTI
hsa-miR-1267;1026;X;Functional MTI
hsa-miR-1268a;1026;X;Functional MTI
hsa-miR-1269a;1026;X;Functional MTI
hsa-miR-1270;1026;X;Functional MTI
hsa-miR-1272;1026;X;Functional MTI
hsa-miR-1273a;1026;X;Functional MTI
hsa-miR-548h-5p;1026;X;Functional MTI
hsa-miR-548h-5p;1026;X;Functional MTI
hsa-miR-548h-5p;1026;X;Functional MTI
hsa-miR-548h-5p;1026;X;Functional MTI
hsa-miR-1275;1026;X;Functional MTI
hsa-miR-1276;8434;X;Functional MTI
hsa-miR-302e;8434;X;Functional MTI
hsa-miR-302f;8434;X;Functional MTI
hsa-miR-1277-5p;6772;X;Functional MTI
hsa-miR-548p;7525;X;Functional MTI
hsa-miR-548i;7525;X;Functional MTI
hsa-miR-548i;5465;X;Functional MTI
hsa-miR-548i;3635;X;Functional MTI
hsa-miR-548i;3635;X;Functional MTI
hsa-miR-1278;3635;X;Functional MTI
hsa-miR-1279;3635;X;Functional MTI
hsa-miR-1281;3635;X;Functional MTI
hsa-miR-1282;3635;X;Functional MTI
hsa-miR-1283;1869;X;Functional MTI
hsa-miR-1284;7852;X;Functional MTI
hsa-miR-1288-5p;998;X;Functional MTI
hsa-miR-1292-5p;998;X;Functional MTI
hsa-miR-1252-5p;998;X;Functional MTI
hsa-miR-1255b-5p;7078;X;Functional MTI
hsa-miR-1255b-5p;7078;X;Functional MTI
hsa-miR-664a-5p;7078;X;Functional MTI
hsa-miR-1306-5p;8772;X;Functional MTI
hsa-miR-1307-5p;5452;X;Functional MTI
hsa-miR-513b-5p;604;X;Functional MTI
hsa-miR-513c-5p;2113;X;Functional MTI
hsa-miR-1321;2113;X;Functional MTI
hsa-miR-1322;1026;X;Functional MTI
hsa-miR-1197;899;X;Functional MTI
hsa-miR-1324;7465;X;Functional MTI
hsa-miR-1469;7465;X;Functional MTI
hsa-miR-1470;7465;X;Functional MTI
hsa-miR-1471;9134;X;Functional MTI
hsa-miR-1537-5p;9134;X;Functional MTI
hsa-miR-1538;9134;X;Functional MTI
hsa-miR-1539;9134;X;Functional MTI
hsa-miR-103b;898;X;Functional MTI
hsa-miR-103b;898;X;Functional MTI
hsa-miR-320d;898;X;Functional MTI
hsa-miR-320c;1111;X;Functional MTI
hsa-miR-320d;1111;X;Functional MTI
hsa-miR-1825;993;X;Functional MTI
hsa-miR-1827;993;X;Functional MTI
hsa-miR-1908-5p;26523;X;Functional MTI
hsa-miR-1909-5p;22926;X;Functional MTI
hsa-miR-1910-5p;54443;X;Functional MTI
hsa-miR-1911-5p;8556;X;Functional MTI
hsa-miR-1912;899;X;Functional MTI
hsa-miR-1913;8556;X;Functional MTI
hsa-miR-1914-5p;993;X;Functional MTI
hsa-miR-1915-5p;993;X;Functional MTI
hsa-miR-1972;1111;X;Functional MTI
hsa-miR-1973;1111;X;Functional MTI
hsa-miR-1976;1111;X;Functional MTI
hsa-miR-2052;9493;X;Functional MTI
hsa-miR-2053;9493;X;Functional MTI
hsa-miR-2054;9493;X;Functional MTI
hsa-miR-2110;9493;X;Functional MTI
hsa-miR-2114-5p;22926;X;Functional MTI
hsa-miR-2115-5p;7465;X;Functional MTI
hsa-miR-2116-5p;7465;X;Functional MTI
hsa-miR-2117;7465;X;Functional MTI
hsa-miR-548q;7465;X;Functional MTI
hsa-miR-2276-5p;7465;X;Functional MTI
hsa-miR-2277-5p;54443;X;Functional MTI
hsa-miR-2278;5879;X;Functional MTI
hsa-miR-2681-5p;4854;X;Functional MTI
hsa-miR-2682-5p;3371;X;Functional MTI
hsa-miR-711;3371;X;Functional MTI
hsa-miR-718;5058;X;Functional MTI
hsa-miR-2861;5058;X;Functional MTI
hsa-miR-2909;51684;X;Functional MTI
hsa-miR-3115;2309;X;Functional MTI
hsa-miR-3116;2309;X;Functional MTI
hsa-miR-3116;10253;X;Functional MTI
hsa-miR-3117-5p;10253;X;Functional MTI
hsa-miR-3118;10253;X;Functional MTI
hsa-miR-3118;865;X;Functional MTI
hsa-miR-3118;865;X;Functional MTI
hsa-miR-3119;5530;X;Functional MTI
hsa-miR-3119;9685;X;Functional MTI
hsa-miR-3120-5p;1021;X;Functional MTI
hsa-miR-3121-5p;1021;X;Functional MTI
hsa-miR-3122;1021;X;Functional MTI
hsa-miR-3123;1021;X;Functional MTI
hsa-miR-3124-5p;1021;X;Functional MTI
hsa-miR-548s;1021;X;Functional MTI
hsa-miR-3125;1021;X;Functional MTI
hsa-miR-3126-5p;1021;X;Functional MTI
hsa-miR-3127-5p;1021;X;Functional MTI
hsa-miR-3128;1021;X;Functional MTI
hsa-miR-3129-5p;1021;X;Functional MTI
hsa-miR-3130-5p;7046;X;Functional MTI
hsa-miR-3130-5p;9759;X;Functional MTI
hsa-miR-3131;4609;X;Functional MTI
hsa-miR-3132;4609;X;Functional MTI
hsa-miR-3133;4609;X;Functional MTI
hsa-miR-378b;4609;X;Functional MTI
hsa-miR-3134;4609;X;Functional MTI
hsa-miR-3135a;4609;X;Functional MTI
hsa-miR-466;5324;X;Functional MTI
hsa-miR-3136-5p;5324;X;Functional MTI
hsa-miR-544b;5324;X;Functional MTI
hsa-miR-3137;5324;X;Functional MTI
hsa-miR-3138;5324;X;Functional MTI
hsa-miR-3139;5324;X;Functional MTI
hsa-miR-3140-5p;5324;X;Functional MTI
hsa-miR-548t-5p;2099;X;Functional MTI
hsa-miR-3141;2099;X;Functional MTI
hsa-miR-3142;2099;X;Functional MTI
hsa-miR-3143;2099;X;Functional MTI
hsa-miR-548u;2099;X;Functional MTI
hsa-miR-3144-5p;2099;X;Functional MTI
hsa-miR-3145-5p;2099;X;Functional MTI
hsa-miR-1273c;2099;X;Functional MTI
hsa-miR-3146;2099;X;Functional MTI
hsa-miR-3147;2099;X;Functional MTI
hsa-miR-548v;2099;X;Functional MTI
hsa-miR-3148;3717;X;Functional MTI
hsa-miR-3149;3717;X;Functional MTI
hsa-miR-3150a-5p;3690;X;Functional MTI
hsa-miR-3151-5p;301;X;Functional MTI
hsa-miR-3152-5p;7189;X;Functional MTI
hsa-miR-3153;7189;X;Functional MTI
hsa-miR-3074-5p;7189;X;Functional MTI
hsa-miR-3154;7189;X;Functional MTI
hsa-miR-3155a;7189;X;Functional MTI
hsa-miR-3156-5p;7189;X;Functional MTI
hsa-miR-3157-5p;7189;X;Functional MTI
hsa-miR-3158-5p;7189;X;Functional MTI
hsa-miR-3158-5p;7189;X;Functional MTI
hsa-miR-3159;7189;X;Functional MTI
hsa-miR-3160-5p;7189;X;Functional MTI
hsa-miR-3160-5p;7189;X;Functional MTI
hsa-miR-3161;7189;X;Functional MTI
hsa-miR-3162-5p;7189;X;Functional MTI
hsa-miR-3163;7189;X;Functional MTI
hsa-miR-3164;3654;X;Functional MTI
hsa-miR-3165;3654;X;Functional MTI
hsa-miR-3166;3654;X;Functional MTI
hsa-miR-1260b;3654;X;Functional MTI
hsa-miR-3167;3654;X;Functional MTI
hsa-miR-3168;3654;X;Functional MTI
hsa-miR-3169;3654;X;Functional MTI
hsa-miR-3170;3654;X;Functional MTI
hsa-miR-3171;3654;X;Functional MTI
hsa-miR-3173-5p;3654;X;Functional MTI
hsa-miR-1193;3654;X;Functional MTI
hsa-miR-323b-5p;3654;X;Functional MTI
hsa-miR-3118;3654;X;Functional MTI
hsa-miR-3174;3654;X;Functional MTI
hsa-miR-3175;3654;X;Functional MTI
hsa-miR-3176;3654;X;Functional MTI
hsa-miR-3177-5p;1788;X;Functional MTI
hsa-miR-3178;1788;X;Functional MTI
hsa-miR-3179;387;X;Functional MTI
hsa-miR-3180-5p;387;X;Functional MTI
hsa-miR-3180-5p;1869;X;Functional MTI
hsa-miR-3179;1028;X;Functional MTI
hsa-miR-3180-5p;1028;X;Functional MTI
hsa-miR-3179;1028;X;Functional MTI
hsa-miR-548w;1028;X;Functional MTI
hsa-miR-3181;4602;X;Functional MTI
hsa-miR-3182;4602;X;Functional MTI
hsa-miR-3183;4602;X;Functional MTI
hsa-miR-3184-5p;7422;X;Functional MTI
hsa-miR-3185;7422;X;Functional MTI
hsa-miR-3065-5p;9839;X;Functional MTI
hsa-miR-3186-5p;9839;X;Functional MTI
hsa-miR-3156-5p;9839;X;Functional MTI
hsa-miR-3187-5p;9839;X;Functional MTI
hsa-miR-3188;9839;X;Functional MTI
hsa-miR-3189-5p;9839;X;Functional MTI
hsa-miR-320e;9839;X;Functional MTI
hsa-miR-3190-5p;9839;X;Functional MTI
hsa-miR-3191-5p;9839;X;Functional MTI
hsa-miR-3192-5p;9839;X;Functional MTI
hsa-miR-3193;9839;X;Functional MTI
hsa-miR-3194-5p;9839;X;Functional MTI
hsa-miR-3195;9839;X;Functional MTI
hsa-miR-3196;9839;X;Functional MTI
hsa-miR-3156-5p;9839;X;Functional MTI
hsa-miR-548x-5p;9839;X;Functional MTI
hsa-miR-3197;8314;X;Functional MTI
hsa-miR-3198;8314;X;Functional MTI
hsa-miR-3199;8487;X;Functional MTI
hsa-miR-3199;8314;X;Functional MTI
hsa-miR-3200-5p;8314;X;Functional MTI
hsa-miR-3201;8314;X;Functional MTI
hsa-miR-514b-5p;8314;X;Functional MTI
hsa-miR-3202;8314;X;Functional MTI
hsa-miR-3202;8314;X;Functional MTI
hsa-miR-1273d;3667;X;Functional MTI
hsa-miR-4295;3667;X;Functional MTI
hsa-miR-4296;3667;X;Functional MTI
hsa-miR-4297;3667;X;Functional MTI
hsa-miR-378c;3667;X;Functional MTI
hsa-miR-4293;3667;X;Functional MTI
hsa-miR-4294;3667;X;Functional MTI
hsa-miR-4301;;X;Functional MTI
hsa-miR-4299;4602;X;Functional MTI
hsa-miR-4298;4602;X;Functional MTI
hsa-miR-4300;8091;X;Functional MTI
hsa-miR-4304;1875;X;Functional MTI
hsa-miR-4302;995;X;Functional MTI
hsa-miR-4303;857;X;Functional MTI
hsa-miR-4305;857;X;Functional MTI
hsa-miR-4306;4233;X;Functional MTI
hsa-miR-4309;4233;X;Functional MTI
hsa-miR-4307;4233;X;Functional MTI
hsa-miR-4308;4233;X;Functional MTI
hsa-miR-4310;4233;X;Functional MTI
hsa-miR-4311;4233;X;Functional MTI
hsa-miR-4312;4233;X;Functional MTI
hsa-miR-4313;4233;X;Functional MTI
hsa-miR-4315;4233;X;Functional MTI
hsa-miR-4316;4233;X;Functional MTI
hsa-miR-4314;4233;X;Functional MTI
hsa-miR-4318;4233;X;Functional MTI
hsa-miR-4319;4233;X;Functional MTI
hsa-miR-4320;4233;X;Functional MTI
hsa-miR-4317;4233;X;Functional MTI
hsa-miR-4322;4233;X;Functional MTI
hsa-miR-4321;4233;X;Functional MTI
hsa-miR-4323;1871;X;Functional MTI
hsa-miR-4324;1871;X;Functional MTI
hsa-miR-4256;1871;X;Functional MTI
hsa-miR-4257;1871;X;Functional MTI
hsa-miR-4258;1021;X;Functional MTI
hsa-miR-4259;1021;X;Functional MTI
hsa-miR-4260;1019;X;Functional MTI
hsa-miR-4253;1019;X;Functional MTI
hsa-miR-4251;1019;X;Functional MTI
hsa-miR-4254;1019;X;Functional MTI
hsa-miR-4255;1019;X;Functional MTI
hsa-miR-4252;1019;X;Functional MTI
hsa-miR-4325;1019;X;Functional MTI
hsa-miR-4326;1019;X;Functional MTI
hsa-miR-4327;9134;X;Functional MTI
hsa-miR-4261;9134;X;Functional MTI
hsa-miR-4265;9134;X;Functional MTI
hsa-miR-4266;9134;X;Functional MTI
hsa-miR-4267;9134;X;Functional MTI
hsa-miR-4262;9134;X;Functional MTI
hsa-miR-2355-5p;51209;X;Functional MTI
hsa-miR-4268;5159;X;Functional MTI
hsa-miR-4269;9908;X;Functional MTI
hsa-miR-4263;5100;X;Functional MTI
hsa-miR-4264;27314;X;Functional MTI
hsa-miR-4270;2114;X;Functional MTI
hsa-miR-4271;4204;X;Functional MTI
hsa-miR-4272;10001;X;Functional MTI
hsa-miR-4273;3726;X;Functional MTI
hsa-miR-4276;10018;X;Functional MTI
hsa-miR-4275;10644;X;Functional MTI
hsa-miR-4274;4204;X;Functional MTI
hsa-miR-4281;85414;X;Functional MTI
hsa-miR-4277;85414;X;Functional MTI
hsa-miR-4279;5728;X;Functional MTI
hsa-miR-4278;5728;X;Functional MTI
hsa-miR-4280;5728;X;Functional MTI
hsa-miR-4282;5728;X;Functional MTI
hsa-miR-4285;5728;X;Functional MTI
hsa-miR-4283;5728;X;Functional MTI
hsa-miR-4284;23621;X;Functional MTI
hsa-miR-4286;23621;X;Functional MTI
hsa-miR-4287;51209;X;Functional MTI
hsa-miR-4288;51209;X;Functional MTI
hsa-miR-4292;10121;X;Functional MTI
hsa-miR-4289;10121;X;Functional MTI
hsa-miR-4290;7167;X;Functional MTI
hsa-miR-4291;7167;X;Functional MTI
hsa-miR-4329;27250;X;Functional MTI
hsa-miR-4330;27250;X;Functional MTI
hsa-miR-500b-5p;27250;X;Functional MTI
hsa-miR-4328;27250;X;Functional MTI
hsa-miR-1184;23011;X;Functional MTI
hsa-miR-1184;23011;X;Functional MTI
hsa-miR-1233-5p;596;X;Functional MTI
hsa-miR-1244;596;X;Functional MTI
hsa-miR-1244;596;X;Functional MTI
hsa-miR-1972;596;X;Functional MTI
hsa-miR-1302;596;X;Functional MTI
hsa-miR-1302;596;X;Functional MTI
hsa-miR-1302;596;X;Functional MTI
hsa-miR-4283;596;X;Functional MTI
hsa-miR-4315;7490;X;Functional MTI
hsa-miR-3605-5p;7490;X;Functional MTI
hsa-miR-3606-5p;55252;X;Functional MTI
hsa-miR-3607-5p;55252;X;Functional MTI
hsa-miR-3609;26175;X;Functional MTI
hsa-miR-3610;26175;X;Functional MTI
hsa-miR-3611;22900;X;Functional MTI
hsa-miR-3612;22900;X;Functional MTI
hsa-miR-3613-5p;8555;X;Functional MTI
hsa-miR-3614-5p;8555;X;Functional MTI
hsa-miR-3615;55835;X;Functional MTI
hsa-miR-3616-5p;55835;X;Functional MTI
hsa-miR-3617-5p;80254;X;Functional MTI
hsa-miR-3618;80254;X;Functional MTI
hsa-miR-3619-5p;1389;X;Functional MTI
hsa-miR-23c;1389;X;Functional MTI
hsa-miR-3620-5p;1389;X;Functional MTI
hsa-miR-3621;1389;X;Functional MTI
hsa-miR-3622a-5p;1389;X;Functional MTI
hsa-miR-3622b-5p;1389;X;Functional MTI
hsa-miR-3646;55862;X;Functional MTI
hsa-miR-3648;55862;X;Functional MTI
hsa-miR-3649;9950;X;Functional MTI
hsa-miR-3650;9950;X;Functional MTI
hsa-miR-3651;55204;X;Functional MTI
hsa-miR-3652;55204;X;Functional MTI
hsa-miR-3653-5p;2965;X;Functional MTI
hsa-miR-3654;2965;X;Functional MTI
hsa-miR-3655;3021;X;Functional MTI
hsa-miR-3656;3021;X;Functional MTI
hsa-miR-3657;57531;X;Functional MTI
hsa-miR-3658;57531;X;Functional MTI
hsa-miR-1273e;84064;X;Functional MTI
hsa-miR-3659;84064;X;Functional MTI
hsa-miR-3660;55008;X;Functional MTI
hsa-miR-3661;55008;X;Functional MTI
hsa-miR-3662;10247;X;Functional MTI
hsa-miR-3663-5p;10247;X;Functional MTI
hsa-miR-3664-5p;84263;X;Functional MTI
hsa-miR-3665;84263;X;Functional MTI
hsa-miR-3666;3303;X;Functional MTI
hsa-miR-3667-5p;3725;X;Functional MTI
hsa-miR-3668;3725;X;Functional MTI
hsa-miR-3670;4170;X;Functional MTI
hsa-miR-3671;4170;X;Functional MTI
hsa-miR-3672;4436;X;Functional MTI
hsa-miR-3674;4436;X;Functional MTI
hsa-miR-3675-5p;115209;X;Functional MTI
hsa-miR-3677-5p;115209;X;Functional MTI
hsa-miR-3678-5p;64172;X;Functional MTI
hsa-miR-3679-5p;64172;X;Functional MTI
hsa-miR-3680-5p;10015;X;Functional MTI
hsa-miR-3681-5p;10015;X;Functional MTI
hsa-miR-3682-5p;5257;X;Functional MTI
hsa-miR-3683;5257;X;Functional MTI
hsa-miR-3684;5378;X;Functional MTI
hsa-miR-3685;5378;X;Functional MTI
hsa-miR-3686;5411;X;Functional MTI
hsa-miR-3687;5411;X;Functional MTI
hsa-miR-3688-5p;5557;X;Functional MTI
hsa-miR-3689a-5p;5557;X;Functional MTI
hsa-miR-3690;5889;X;Functional MTI
hsa-miR-3691-5p;5889;X;Functional MTI
hsa-miR-3692-5p;55288;X;Functional MTI
hsa-miR-3713;55288;X;Functional MTI
hsa-miR-3714;6041;X;Functional MTI
hsa-miR-3180;6041;X;Functional MTI
hsa-miR-3180;10559;X;Functional MTI
hsa-miR-3907;10559;X;Functional MTI
hsa-miR-3689b-5p;51000;X;Functional MTI
hsa-miR-3908;51000;X;Functional MTI
hsa-miR-3909;7072;X;Functional MTI
hsa-miR-3910;7072;X;Functional MTI
hsa-miR-3911;7358;X;Functional MTI
hsa-miR-3912-5p;7358;X;Functional MTI
hsa-miR-3913-5p;7358;X;Functional MTI
hsa-miR-3913-5p;7360;X;Functional MTI
hsa-miR-3914;7360;X;Functional MTI
